Feature,KL_2018,JS_2018,Wasserstein_2018,KL_Lycos,JS_Lycos,Wasserstein_Lycos,Mean_JS_Drift
min_seg_size_forward,0.759631711791002,0.17276101717522432,7.32076,0.5899081197852125,0.14501840502158594,6.961239999999998,0.15888971109840513
Init_Win_bytes_backward,0.17519012895354127,0.052441094457954175,7352.971369999999,0.8874670859155743,0.24484169489358404,19036.385830000003,0.14864139467576912
SYN Flag Count,0.00014975686449981117,3.694248088156784e-05,0.003429999999999933,0.9912634190866255,0.2888573934557605,1.2525899999999999,0.14444716796832102
Init_Win_bytes_forward,0.6818694450440858,0.11204853908272891,4173.40235,0.9430718453371074,0.17326297603358162,7090.69764,0.14265575755815527
ECE Flag Count,0.20898774685797458,0.0700305005547092,0.18997999999999993,0.35413729138688643,0.11620720429212796,0.39108,0.09311885242341858
FIN Flag Count,0.021682140906307944,0.003839729966504371,0.020010000000000083,0.4937375252838663,0.14797746172802678,0.42904,0.07590859584726557
Bwd Packet Length Min,0.04625399450644067,0.009196980504712094,16.195550000000026,1.8792677297481168,0.1381356452453297,40.76958,0.0736663128750209
RST Flag Count,0.2090000793948549,0.07003451408281101,0.18999,0.18959452334167445,0.06370013623724961,0.17409999999999992,0.06686732516003031
Bwd Packet Length Max,1.3878313947713865,0.09173003886039464,524.6134499999998,0.9096395954369454,0.04104563400738067,1194.8446799999979,0.06638783643388765
Max Packet Length,1.3638577574765394,0.08007566872324608,613.0639199999998,1.0520262834519094,0.05006724308972232,1776.7530099999992,0.0650714559064842
Packet Length Std,1.1255103998546543,0.07929725207415027,194.2202602367227,0.7033427805337213,0.04399575596721976,446.3198952858446,0.061646504020685014
Bwd Packet Length Std,1.0180866696516289,0.07682811020060457,229.97749584190228,0.8481203795592928,0.042759865493216344,450.6532396822729,0.05979398784691045
CWE Flag Count,1.5886596786007063e-05,4.2429935581487775e-06,7.999999999996898e-05,0.3549079581088124,0.1165411139774981,0.3135,0.058272678485528126
Average Packet Size,0.4056936443026815,0.04905351752712885,101.70028224492296,,,,0.04905351752712885
Packet Length Mean,0.4035986250372577,0.06322884783510314,93.84539159577784,0.18683864238000503,0.031056558867611987,158.16247048515964,0.04714270335135756
Avg Bwd Segment Size,0.9533745608720572,0.04176538019291788,179.15608172549565,,,,0.04176538019291788
Bwd Packet Length Mean,0.9533745608720572,0.04176538019291788,179.15608172547564,0.7931844350459526,0.03252427628679936,244.91855113060285,0.037144828239858624
Avg Fwd Segment Size,0.18790700256952375,0.031653372398780855,35.46812346046456,,,,0.031653372398780855
Flow Packets/s,0.04867113411582339,0.011540109453092303,18489.6362841408,0.2671548704063778,0.036982351652560135,40779.51467787546,0.024261230552826217
Fwd Packet Length Max,0.2258206560694862,0.03301799805657246,151.21612999999968,0.124536668191317,0.011946228929653543,801.000990000002,0.022482113493113003
URG Flag Count,0.0335186322214645,0.007103131541730319,0.05928,2.0942998047539008,0.03527189104914683,0.09811999999999999,0.021187511295438576
Fwd Packet Length Mean,0.18790700256952375,0.031653372398780855,35.468123460464554,0.03002911857761641,0.006137241693564257,138.80103401968483,0.018895307046172555
Fwd IAT Total,0.08428242207137217,0.021852670279218053,1030118.1133599997,0.06489416328515676,0.015434710288455552,3646900.6245099995,0.018643690283836802
Fwd Packets/s,0.14614585703480035,0.015488252232070449,15003.211926881893,0.2039829420047977,0.01732380224002271,46453.22582462488,0.016406027236046578
Flow Duration,0.07618975420313247,0.019627413911927103,1058473.8718899998,0.0561411384820998,0.013152667202605724,3665231.5486900005,0.016390040557266415
Fwd Packet Length Std,0.15941363774074666,0.023003708727068174,56.86773050003022,0.09773997937389263,0.008180093855641682,284.814776151643,0.015591901291354928
Packet Length Variance,0.19259371416672022,0.02839223282939255,469605.6867254908,0.0006877247007372637,0.0001771131335964064,5025384.897868631,0.01428467298149448
Fwd IAT Max,0.06950201798662602,0.016727460132490515,1423540.2464200002,0.05573122532450086,0.011697744779698595,3749143.9304599995,0.014212602456094556
Flow IAT Max,0.0650081528019005,0.01574317437296302,1393647.2239,0.05356352160510267,0.011286068848688073,3688125.53094,0.013514621610825547
Bwd IAT Total,0.04278513303396318,0.012009770181095615,2432336.4608600005,0.04763221609598912,0.013633545671264556,1334371.7048399998,0.012821657926180086
Idle Min,0.058368935773732936,0.013782381506815648,1157492.4286699998,0.047917092170264027,0.010069833140923513,2974939.35185,0.01192610732386958
Idle Max,0.05801718644942183,0.013489611304665205,1194567.8494699998,0.04917659011782462,0.010234684674004273,3662368.5216300003,0.011862147989334739
Idle Mean,0.05533308372093856,0.013156384795660022,959471.89662278,0.04536476523018116,0.009518806129776165,3318162.0607828824,0.011337595462718094
Flow IAT Mean,0.0545167208827283,0.013930676336066095,3206158.3960949364,0.03577021731004824,0.006726168481240804,590392.0039000132,0.01032842240865345
Fwd IAT Mean,0.05325000067913069,0.014060608284242916,2494042.9368749107,0.028467404914664048,0.006264151098565865,1342221.5811069955,0.010162379691404391
Flow IAT Std,0.04643070796857735,0.009966431708019216,1468677.9503428766,0.042279000718551424,0.009222260617088324,1290952.4131378199,0.00959434616255377
Bwd Packets/s,0.04030333654494927,0.013023967024723339,21937.40926175008,0.02383051237698148,0.005042408500614766,10995.283524733033,0.009033187762669053
Fwd IAT Std,0.0384205690344348,0.008405457215181458,1487343.2362068903,0.04126829422436751,0.009058073809418334,1253123.8127625803,0.008731765512299896
Min Packet Length,0.05658077274593882,0.009950987603390348,6.329510000000018,0.02240164857547997,0.004959993552784946,5.651619999999979,0.007455490578087647
Fwd Packet Length Min,0.05957285934521246,0.008656499922628829,9.088719999999963,0.03321915297344733,0.006151602834471525,6.829339999999966,0.007404051378550177
Flow IAT Min,0.03176742605948947,0.00979176709273414,3692885.8470299994,0.00030790731320772696,7.656005072574466e-05,88616.94917999925,0.004934163571729942
Fwd IAT Min,0.029608822320609823,0.009094508563615695,3042631.17523,0.001409241711889228,0.0003356020993959492,824574.37233,0.004715055331505822
Down/Up Ratio,0.0050640403885706285,0.0008382719005370426,0.23266999999999555,0.04401025400659211,0.007801409941093189,0.34310173979999953,0.004319840920815116
Bwd IAT Max,0.016871293868406433,0.003995725028781908,1635861.5067,0.01741277936088203,0.004328860112250214,970589.2381700007,0.004162292570516061
PSH Flag Count,0.021409088466811055,0.005443292342700418,0.10058,0.003512671932235529,0.0012163650565470592,3.672389999999932,0.0033298286996237387
Fwd PSH Flags,0.00014975686449981117,3.694248088156784e-05,0.003429999999999933,0.011535119191207357,0.003991181665865081,1.9591799999999817,0.0020140620733733244
Bwd IAT Std,0.007472521331613504,0.001720850415916629,431971.23486957484,0.008067162035178512,0.001968268563472403,327731.31658110797,0.0018445594896945158
Bwd IAT Mean,0.006335373695341569,0.001441437540040541,915960.4610277433,0.005120761037664837,0.0012139935590249535,658313.9526766838,0.0013277155495327471
Idle Std,0.0022269321210342022,0.0005374233268918246,470244.81484944175,0.002129897801320735,0.0005124965653112571,483392.01214184094,0.0005249599461015408
Bwd IAT Min,0.0009139798570760511,0.0002214603356408254,695402.8969699999,0.0015425396358778641,0.00039753458287720045,520334.4282699999,0.0003094974592590129
Active Max,0.0013303752517594713,0.00031231219880467636,130627.38447000121,0.0005582452698885292,0.00013386154043159052,45683.276490001146,0.00022308686961813344
Subflow Bwd Packets,0.0003370386338507128,9.467997088305762e-05,3.14038000000049,0.0019798155607062477,0.000323504684451234,3.390716981220104,0.0002090923276671458
Bwd PSH Flags,0.0,0.0,0.0,0.00115787300105827,0.0004008765334217047,1.9887399999999475,0.00020043826671085235
ACK Flag Count,0.0003921451642177262,9.841242365234581e-05,0.012959999999999972,0.0006404216057631299,0.00021696246987525385,13.07124000000043,0.00015768744676379983
Bwd Header Length,0.0005776586314085767,0.00012818314514090486,83.8516600000095,0.0006616156953159344,0.00014494719260568442,101.40369999999497,0.00013656516887329464
Total Backward Packets,0.0003370386338507128,9.467997088305762e-05,3.14038000000049,0.0005154616447533121,0.00012337903250299797,4.221479999999758,0.0001090295016930278
Active Mean,0.0005577934177955607,0.00013323503562931403,89584.03315823128,0.00019804239774031356,4.79898743580707e-05,28149.324514435553,9.061245499369236e-05
Active Std,0.00042846628189629473,0.00010312104215760585,43113.38269685209,0.0002731367174700129,6.549170414127316e-05,9455.256401239873,8.43063731494395e-05
Subflow Bwd Bytes,0.00013134573043576672,3.0457212998599027e-05,4742.616460001025,0.0006128225611533,0.0001328374560642481,4066.4797725181265,8.164733453142356e-05
Total Length of Fwd Packets,7.608167428598459e-06,1.875238268574607e-06,572.3015099998568,0.0004317072350706395,0.00012134447600214594,5340.132519998627,6.160985713536027e-05
Active Min,0.0002575908827672168,6.421222151694285e-05,54697.39431000074,0.0001438401877395778,3.488962159594258e-05,26301.757210000702,4.9550921556442714e-05
Bwd Avg Packets/Bulk,0.0,0.0,0.0,0.0002859542200127696,9.760696738959752e-05,1.5684658030095442,4.880348369479876e-05
Total Fwd Packets,5.526486521996015e-05,1.6357142807400558e-05,9.214819999995395,0.0001610483777120643,4.987706691756529e-05,26.176030000000715,3.311710486248292e-05
Total Length of Bwd Packets,0.00013134573043576672,3.0457212998599027e-05,4742.700290001024,0.00012446311741847333,2.908604805296051e-05,5282.377469999969,2.9771630525779768e-05
Fwd URG Flags,1.5886596786007063e-05,4.2429935581487775e-06,7.999999999996898e-05,0.0022215432220848326,5.198869381405782e-05,0.00014999999999998348,2.8115843686103298e-05
Subflow Fwd Packets,5.526486521996015e-05,1.6357142807400558e-05,9.214819999995395,0.00011998166695835668,3.688420289768393e-05,25.580088418560806,2.6620672852542244e-05
act_data_pkt_fwd,4.1787814426076944e-05,1.153936714314181e-05,8.885229999995051,0.00012701780883705446,3.8076768987541646e-05,25.009900000001124,2.4808068065341727e-05
Fwd Avg Packets/Bulk,0.0,0.0,0.0,0.00011829408003098447,3.643796815309764e-05,23.633573571410768,1.821898407654882e-05
Fwd Header Length,4.879775250438098e-05,1.265148415875958e-05,114.17318999996792,6.672929084709061e-05,1.7798421099097206e-05,253.1541100000007,1.5224952628928393e-05
Flow Bytes/s,2.7085376155486976e-05,6.717835873821993e-06,1324572.164851798,6.41830984127506e-05,1.5837085169887897e-05,1401945.3901560784,1.1277460521854945e-05
Bwd Avg Bulk Rate,0.0,0.0,0.0,4.383451774140909e-05,1.1000385307973283e-05,15259218.942230184,5.5001926539866416e-06
Bwd Avg Bytes/Bulk,0.0,0.0,0.0,1.9448995055275052e-05,5.017819369291311e-06,2174.1559204738805,2.5089096846456553e-06
Subflow Fwd Bytes,7.608167428598459e-06,1.875238268574607e-06,572.3015099998568,9.334577624629393e-06,2.3637592221373475e-06,1739.5609202833618,2.1194987453559772e-06
Fwd Avg Bytes/Bulk,0.0,0.0,0.0,7.707278955547439e-06,1.9506473865720528e-06,1762.2873227366476,9.753236932860264e-07
Fwd Avg Bulk Rate,0.0,0.0,0.0,2.649341224875908e-08,6.624374289625314e-09,65878.12693713888,3.312187144812657e-09
Bwd URG Flags,0.0,0.0,0.0,0.0,0.0,0.0,0.0
