Dataset,Feature,mean,std,median,min,max,skewness,kurtosis
CICIDS2017,Source Port,41128.85587282208,22294.93774558575,50944.0,0.0,65535.0,-0.9353823362647408,-0.6678899202925987
CICIDS2017,Destination Port,8071.482501237308,18283.63217237561,80.0,0.0,65535.0,2.07205224863336,2.51818216086482
CICIDS2017,Protocol,9.880340603156133,5.261922185851875,6.0,0.0,17.0,0.6114711138850862,-1.6179951767872973
CICIDS2017,Flow Duration,14785663.929521684,33653744.08585523,31316.0,-13.0,119999998.0,2.1553558927330223,3.0202728134838996
CICIDS2017,Total Fwd Packets,9.361159949878884,749.6727924980048,2.0,1.0,219759.0,244.38055300505061,61754.431280404155
CICIDS2017,Total Backward Packets,10.393770116185044,997.3882689050921,2.0,0.0,291922.0,244.6795073937269,62017.975503703805
CICIDS2017,Total Length of Fwd Packets,549.3024145957439,9993.589229393498,62.0,0.0,12900000.0,805.5705391050949,988552.6199383319
CICIDS2017,Total Length of Bwd Packets,16162.64254649751,2263088.051725944,123.0,0.0,655453030.0,244.3308931867824,61601.652306305645
CICIDS2017,Fwd Packet Length Max,207.59994107554095,717.1848417583044,37.0,0.0,24820.0,9.849179260121089,136.74584070376306
CICIDS2017,Fwd Packet Length Min,18.713656096650244,60.33934535101894,2.0,0.0,2325.0,20.139171867116847,476.55836206450994
CICIDS2017,Fwd Packet Length Mean,58.201938528123755,186.09115654962312,34.0,0.0,5940.857143,9.135766045183047,94.93513175286711
CICIDS2017,Fwd Packet Length Std,68.91013354422388,281.18709207898524,0.0,0.0,7125.596845843696,10.53108043717868,139.9510940975997
CICIDS2017,Bwd Packet Length Max,870.849454719132,1946.3673768747033,79.0,0.0,19530.0,2.9383553571357717,8.91223767199616
CICIDS2017,Bwd Packet Length Min,41.049579209416045,68.86260264724743,0.0,0.0,2896.0,4.838118662589023,72.99276493072585
CICIDS2017,Bwd Packet Length Mean,305.94928134992875,605.2568001421854,72.0,0.0,5800.5,2.5192831324163936,5.472293500438335
CICIDS2017,Bwd Packet Length Std,335.3257206074605,839.6932177113689,0.0,0.0,8194.660487,3.414492258101905,13.11754304212849
CICIDS2017,Flow Bytes/s,1491719.0643420683,25940155.669913016,4586.600756,-261000000.0,2071000000.0,46.39191880007147,2796.7447403235037
CICIDS2017,Flow Packets/s,70854.23306262742,254415.43789676312,109.47599922281486,-2000000.0,4000000.0,5.517199637332675,35.90788186318881
CICIDS2017,Flow IAT Mean,1298448.708665391,4507944.173794317,11438.84211,-13.0,120000000.0,8.969788935498316,123.05150629542084
CICIDS2017,Flow IAT Std,2919270.91875488,8045869.77965458,137.1787156,0.0,84800261.56640792,3.61105571968675,14.977001788101424
CICIDS2017,Flow IAT Max,9182475.317050682,24459539.2508425,30865.0,-13.0,120000000.0,2.901926146201272,7.035739130480668
CICIDS2017,Flow IAT Min,162379.56178430893,2950281.7768057273,4.0,-14.0,120000000.0,23.788150897944526,624.0694326173956
CICIDS2017,Fwd IAT Total,14482961.734189222,33575811.64646707,43.0,0.0,120000000.0,2.1769304026711076,3.107545178419285
CICIDS2017,Fwd IAT Mean,2610192.973542325,9525722.485326516,26.0,0.0,120000000.0,7.06635407480428,61.7108833028856
CICIDS2017,Fwd IAT Std,3266957.2220508317,9639055.400348762,0.0,0.0,84602929.27698219,3.4109794197335908,10.872848568237966
CICIDS2017,Fwd IAT Max,9042938.558814418,24529157.399698887,43.0,0.0,120000000.0,2.909589967338421,7.060862010195489
CICIDS2017,Fwd IAT Min,1021892.905134447,8591436.338554349,3.0,-12.0,120000000.0,9.712721428309493,100.37533569486513
CICIDS2017,Bwd IAT Total,9893830.350136695,28736614.19888721,3.0,0.0,120000000.0,2.884194495313071,6.814527175062139
CICIDS2017,Bwd IAT Mean,1805783.7673780406,8887197.079007307,3.0,0.0,120000000.0,8.250627022865293,78.54850202491873
CICIDS2017,Bwd IAT Std,1485973.3473393081,6278468.565082394,0.0,0.0,84418013.7826341,5.7929267965887465,37.108873126067664
CICIDS2017,Bwd IAT Max,4684692.427954428,17160950.058626805,3.0,0.0,120000000.0,4.435718199889343,19.421975728410388
CICIDS2017,Bwd IAT Min,967261.3707574301,8308983.091314676,1.0,0.0,120000000.0,9.923703379059642,105.37128346441911
CICIDS2017,Fwd PSH Flags,0.04644646299575765,0.2104500052666412,0.0,0.0,1.0,4.310324030433898,16.578904960800724
CICIDS2017,Bwd PSH Flags,0.0,0.0,0.0,0.0,0.0,0.0,0.0
CICIDS2017,Fwd URG Flags,0.00011127820505075876,0.010548263436133866,0.0,0.0,1.0,94.78130272482831,8981.501691900536
CICIDS2017,Bwd URG Flags,0.0,0.0,0.0,0.0,0.0,0.0,0.0
CICIDS2017,Fwd Header Length,-25997.391975887604,21052857.873173933,64.0,-32212234632.0,4644908.0,-1325.073809383881,1959082.8988238708
CICIDS2017,Bwd Header Length,-2273.2753195892387,1452208.9395910755,40.0,-1073741320.0,5838440.0,-717.0313039453313,528196.6624823754
CICIDS2017,Fwd Packets/s,63865.34641143761,247537.12964203063,61.32523840186428,0.0,3000000.0,5.684943793528892,37.55591998837859
CICIDS2017,Bwd Packets/s,6995.191742603614,38151.69768319484,19.82789388,0.0,2000000.0,21.489044501157032,635.0175888550486
CICIDS2017,Min Packet Length,16.43450465125234,25.237720797695665,2.0,0.0,1448.0,10.193305602796991,424.26770716182335
CICIDS2017,Max Packet Length,950.4024445172168,2028.2291463396557,87.0,0.0,24820.0,2.815075536846063,8.330669159505911
CICIDS2017,Packet Length Mean,171.94439024900288,305.49146113948734,57.2,0.0,3337.142857,2.3958664310213287,5.06683960035782
CICIDS2017,Packet Length Std,294.97555442549987,631.8000730314719,25.98076211,0.0,4731.522394,2.8826758098757055,8.780408341466428
CICIDS2017,Packet Length Variance,486154.79413840704,1647489.865309903,675.0,0.0,22400000.0,5.393806380917156,36.712344968136875
CICIDS2017,FIN Flag Count,0.035379757187423935,0.18473776556242197,0.0,0.0,1.0,5.030055112614846,23.30147089909055
CICIDS2017,SYN Flag Count,0.04644646299575765,0.2104500052666412,0.0,0.0,1.0,4.310324030433898,16.578904960800724
CICIDS2017,RST Flag Count,0.0002423392021105413,0.015565364095025081,0.0,0.0,1.0,64.21411164430033,4121.455046191241
CICIDS2017,PSH Flag Count,0.29807050657724843,0.45741070560008057,0.0,0.0,1.0,0.8829248359057895,-1.2204445964198622
CICIDS2017,ACK Flag Count,0.31584428540492726,0.46485131936747087,0.0,0.0,1.0,0.7923214887588971,-1.3722276279690178
CICIDS2017,URG Flag Count,0.0948231612689672,0.2929705781767338,0.0,0.0,1.0,2.765991913056269,5.650715255482343
CICIDS2017,CWE Flag Count,0.00011127820505075876,0.010548263436133866,0.0,0.0,1.0,94.78130272482831,8981.501691900536
CICIDS2017,ECE Flag Count,0.00024339899453959613,0.015599353750469678,0.0,0.0,1.0,64.07405871962325,4103.487900036001
CICIDS2017,Down/Up Ratio,0.6835004096097739,0.6804919860804203,1.0,0.0,156.0,12.004054302595748,1763.958742864321
CICIDS2017,Average Packet Size,191.98365759294515,331.8603492541883,72.25,0.0,3893.333333,2.490553735951982,5.838183795070842
CICIDS2017,Avg Fwd Segment Size,58.201938528123755,186.09115654962312,34.0,0.0,5940.857143,9.135766045183047,94.93513175286711
CICIDS2017,Avg Bwd Segment Size,305.94928134993836,605.2568001422048,72.0,0.0,5800.5,2.5192831324163105,5.472293500437708
CICIDS2017,Fwd Header Length.1,-25997.391975887604,21052857.873173933,64.0,-32212234632.0,4644908.0,-1325.073809383881,1959082.8988238708
CICIDS2017,Fwd Avg Bytes/Bulk,0.0,0.0,0.0,0.0,0.0,0.0,0.0
CICIDS2017,Fwd Avg Packets/Bulk,0.0,0.0,0.0,0.0,0.0,0.0,0.0
CICIDS2017,Fwd Avg Bulk Rate,0.0,0.0,0.0,0.0,0.0,0.0,0.0
CICIDS2017,Bwd Avg Bytes/Bulk,0.0,0.0,0.0,0.0,0.0,0.0,0.0
CICIDS2017,Bwd Avg Packets/Bulk,0.0,0.0,0.0,0.0,0.0,0.0,0.0
CICIDS2017,Bwd Avg Bulk Rate,0.0,0.0,0.0,0.0,0.0,0.0,0.0
CICIDS2017,Subflow Fwd Packets,9.361159949878884,749.6727924980048,2.0,1.0,219759.0,244.38055300505061,61754.431280404155
CICIDS2017,Subflow Fwd Bytes,549.2919360747337,9980.070243937706,62.0,0.0,12870338.0,803.5985915171941,984882.5297907982
CICIDS2017,Subflow Bwd Packets,10.393770116185044,997.3882689050921,2.0,0.0,291922.0,244.6795073937269,62017.975503703805
CICIDS2017,Subflow Bwd Bytes,16162.302467938629,2263057.2835084787,123.0,0.0,655453030.0,244.3353008521819,61604.20416292696
CICIDS2017,Init_Win_bytes_forward,6989.837446211119,14338.725836818838,251.0,-1.0,65535.0,2.5623640468574567,6.545994223013988
CICIDS2017,Init_Win_bytes_backward,1989.4329767838337,8456.883156982454,-1.0,-1.0,65535.0,5.252338607484763,29.825069026955013
CICIDS2017,act_data_pkt_fwd,5.418217761202624,636.4256638996873,1.0,0.0,213557.0,284.5952275363737,83076.67205271275
CICIDS2017,min_seg_size_forward,-2741.687868520738,1084989.3838169887,24.0,-536870661.0,138.0,-474.5352652609782,233236.4503383389
CICIDS2017,Active Mean,81551.321012322,648599.936773979,0.0,0.0,110000000.0,38.233556792533115,3874.143877966758
CICIDS2017,Active Std,41134.11677514879,393381.51531683165,0.0,0.0,74200000.0,40.47170720580099,4110.318078597616
CICIDS2017,Active Max,153182.52126950416,1025824.9749109317,0.0,0.0,110000000.0,24.351813063374106,1323.2567071942888
CICIDS2017,Active Min,58295.8177443166,577092.281910223,0.0,0.0,110000000.0,47.68400638905294,5844.066503168537
CICIDS2017,Idle Mean,8316036.627207768,23630078.577950556,0.0,0.0,120000000.0,3.0654885109602286,8.098491082537018
CICIDS2017,Idle Std,503843.9497793038,4602984.480672,0.0,0.0,76900000.0,10.493403947078571,114.38739747154428
CICIDS2017,Idle Max,8695751.984585673,24366888.32904313,0.0,0.0,120000000.0,2.951288968176639,7.297839534750958
CICIDS2017,Idle Min,7920031.014637146,23363418.9274783,0.0,0.0,120000000.0,3.184530811272156,8.761402100464737
CSE-CIC-IDS2018,Dst Port,9164.072933971369,18922.242533844088,80.0,0.0,65535.0,1.8635735633714954,1.640674951316008
CSE-CIC-IDS2018,Protocol,8.754113471599082,4.920117157466727,6.0,0.0,17.0,1.0061258069708046,-0.743006167579487
CSE-CIC-IDS2018,Flow Duration,11813800.896990892,494012360.48691154,20970.0,-919011000000.0,120000000.0,-1434.8218876053784,2172143.701621108
CSE-CIC-IDS2018,Tot Fwd Pkts,23.533190931551967,1521.1368121348744,2.0,1.0,309629.0,88.55638184543793,8271.324391653157
CSE-CIC-IDS2018,Tot Bwd Pkts,6.312705835288154,164.02563869552773,1.0,0.0,123118.0,170.80392532436008,61867.825980176975
CSE-CIC-IDS2018,TotLen Fwd Pkts,973.0372564605199,62169.05858702681,43.0,0.0,144391846.0,836.6851897608382,1808723.2077531759
CSE-CIC-IDS2018,TotLen Bwd Pkts,4730.9314237104145,234465.8562450878,101.0,0.0,156360426.0,160.05672086685266,49375.79504233544
CSE-CIC-IDS2018,Fwd Pkt Len Max,200.7620361261664,303.50913301167014,40.0,0.0,64440.0,4.595310884451044,536.0218487480547
CSE-CIC-IDS2018,Fwd Pkt Len Min,11.075998480374137,24.229383379878374,0.0,0.0,1460.0,11.414634628329935,397.5721833909239
CSE-CIC-IDS2018,Fwd Pkt Len Mean,50.312736193542726,60.505607407105785,36.0,0.0,16529.3138401559,7.060805915992153,919.4097970914107
CSE-CIC-IDS2018,Fwd Pkt Len Std,70.84147108488027,116.44072537700653,0.0,0.0,18401.5827717299,2.4485961983705353,86.29820041222315
CSE-CIC-IDS2018,Bwd Pkt Len Max,350.14953283578956,497.42337202957066,95.0,0.0,65160.0,1.6722741633812113,55.246943351648895
CSE-CIC-IDS2018,Bwd Pkt Len Min,26.478048435209807,50.97872930550147,0.0,0.0,1460.0,2.1133282535656415,5.799452668550998
CSE-CIC-IDS2018,Bwd Pkt Len Mean,113.07591039107918,164.1056424128816,66.0,0.0,33879.28358,4.32100825592811,204.48330281859026
CSE-CIC-IDS2018,Bwd Pkt Len Std,131.5657359000583,204.25916516316312,0.0,0.0,22448.413526582277,1.5020535581933845,22.50004238616548
CSE-CIC-IDS2018,Flow Byts/s,257034.89325761463,3667840.990257705,785.9239833818405,0.0,1806642857.14286,80.55085527700047,19849.878192588927
CSE-CIC-IDS2018,Flow Pkts/s,52296.98215171973,264725.0409225225,136.1192405,-0.0088953248,6000000.0,6.8010476530349315,50.03894884562426
CSE-CIC-IDS2018,Flow IAT Mean,3335396.5878694654,222948346.67996004,11714.0,-828220000000.0,120000000.0,-3378.1665979932823,12068078.451715184
CSE-CIC-IDS2018,Flow IAT Std,1275574.087285913,338112790.9339661,60.6531120389,0.0,474354474600.909,1208.4722601802623,1488648.868077571
CSE-CIC-IDS2018,Flow IAT Max,6602696.9183182,659510392.948946,18700.0,-828220000000.0,979781000000.0,1012.4579008039112,1639907.3708064782
CSE-CIC-IDS2018,Flow IAT Min,2321853.562383913,747621113.9753718,53.0,-947405000000.0,120000000.0,-1169.8848123580915,1392546.2931135423
CSE-CIC-IDS2018,Fwd IAT Tot,11523129.572023138,494007138.423914,5140.0,-919011000000.0,120000000.0,-1434.8656305952743,2172232.171532895
CSE-CIC-IDS2018,Fwd IAT Mean,3661299.9694627193,222960184.58154047,3600.75,-828220000000.0,120000000.0,-3377.6328954482624,12065535.421868473
CSE-CIC-IDS2018,Fwd IAT Std,1402965.1043636715,338119311.3428165,0.0,0.0,474354474600.909,1208.4012194752506,1488532.2195776196
CSE-CIC-IDS2018,Fwd IAT Max,6409624.945660007,659508397.0232897,5029.0,-828220000000.0,979781000000.0,1012.4679704506194,1639928.4084957095
CSE-CIC-IDS2018,Fwd IAT Min,2409648.8165875403,747624130.9067401,37.0,-947405000000.0,120000000.0,-1169.8710010996429,1392524.3650302042
CSE-CIC-IDS2018,Bwd IAT Tot,7597374.194926391,25862876.12130457,0.0,0.0,120000000.0,3.6228040928693113,11.660784635970353
CSE-CIC-IDS2018,Bwd IAT Mean,824199.8083988309,4340497.413990648,0.0,0.0,120000000.0,12.351948188502515,193.01208993111445
CSE-CIC-IDS2018,Bwd IAT Std,851174.0972359516,3376930.180968773,0.0,0.0,84837189.5109486,6.216691347956482,47.92673336296896
CSE-CIC-IDS2018,Bwd IAT Max,2612946.8022174416,10244256.505324522,0.0,0.0,120000000.0,5.156770905439878,26.827599879732865
CSE-CIC-IDS2018,Bwd IAT Min,291230.41701464733,3825443.7563268184,0.0,0.0,120000000.0,16.936387746065655,316.4439017735275
CSE-CIC-IDS2018,Fwd PSH Flags,0.043895429189888736,0.20486244914947804,0.0,0.0,1.0,4.45278897034228,17.82733181084052
CSE-CIC-IDS2018,Bwd PSH Flags,0.0,0.0,0.0,0.0,0.0,0.0,0.0
CSE-CIC-IDS2018,Fwd URG Flags,0.00016380270663181654,0.012797495278148096,0.0,0.0,1.0,78.11470104306981,6099.907270594863
CSE-CIC-IDS2018,Bwd URG Flags,0.0,0.0,0.0,0.0,0.0,0.0,0.0
CSE-CIC-IDS2018,Fwd Header Len,257.54076189388456,12263.519342617787,40.0,0.0,2477032.0,87.64113566715336,8172.745452647808
CSE-CIC-IDS2018,Bwd Header Len,133.09348674482501,3265.4964798857714,16.0,0.0,2462372.0,170.40943623382276,62185.43949110607
CSE-CIC-IDS2018,Fwd Pkts/s,36672.51436275811,213324.06677777824,73.9316871211,0.0,6000000.0,8.697619450074672,84.37385369576954
CSE-CIC-IDS2018,Bwd Pkts/s,15315.961868913031,92419.90220203252,3.696231058795948,0.0,2000000.0,9.068202725756093,103.7052509738603
CSE-CIC-IDS2018,Pkt Len Min,10.942555333312018,22.6194085319952,0.0,0.0,1460.0,6.981009098168417,136.38008355199608
CSE-CIC-IDS2018,Pkt Len Max,389.3460596763015,514.1580731837679,97.0,0.0,65160.0,2.02112386782471,111.71105575285858
CSE-CIC-IDS2018,Pkt Len Mean,77.62634159475525,103.7007982706994,52.33333333333333,0.0,17344.98473,4.3495339380139635,115.64844288193807
CSE-CIC-IDS2018,Pkt Len Std,121.46812114296281,162.53015741780803,32.331615074619044,0.0,22788.28621,1.7285706637889475,55.62906439603469
CSE-CIC-IDS2018,Pkt Len Var,41170.53604730591,212977.2967573762,1045.3333333333337,0.0,519000000.0,1863.5992002489006,4295784.203164196
CSE-CIC-IDS2018,FIN Flag Cnt,0.004795433582191473,0.06908283211440694,0.0,0.0,1.0,14.33654678806487,203.53659888335375
CSE-CIC-IDS2018,SYN Flag Cnt,0.043895429189888736,0.20486244914947804,0.0,0.0,1.0,4.45278897034228,17.82733181084052
CSE-CIC-IDS2018,RST Flag Cnt,0.18739799677729418,0.3902306971037452,0.0,0.0,1.0,1.602139678181819,0.5668516182441858
CSE-CIC-IDS2018,PSH Flag Cnt,0.39208423266193937,0.4882153232367876,0.0,0.0,1.0,0.44208272660716635,-1.804563085169035
CSE-CIC-IDS2018,ACK Flag Cnt,0.3316020391373271,0.47078884909388186,0.0,0.0,1.0,0.7153864495069018,-1.4882224112202227
CSE-CIC-IDS2018,URG Flag Cnt,0.04171301531706235,0.19993259397278157,0.0,0.0,1.0,4.584415497646719,19.01686779806033
CSE-CIC-IDS2018,CWE Flag Count,0.00016380270663181654,0.012797495278148096,0.0,0.0,1.0,78.11470104306981,6099.907270594863
CSE-CIC-IDS2018,ECE Flag Cnt,0.18739861280853384,0.39023119058696265,0.0,0.0,1.0,1.6021344948655605,0.5668350094757253
CSE-CIC-IDS2018,Down/Up Ratio,0.4964362900799935,0.9967272637123392,0.0,0.0,311.0,128.4793696862852,27452.366858551926
CSE-CIC-IDS2018,Pkt Size Avg,89.54039647239922,108.22330132261183,72.0909090909091,0.0,17478.40769,3.8675646547369658,99.55946653073234
CSE-CIC-IDS2018,Fwd Seg Size Avg,50.312736193542726,60.505607407105785,36.0,0.0,16529.3138401559,7.060805915992148,919.40979709141
CSE-CIC-IDS2018,Bwd Seg Size Avg,113.07591039107938,164.1056424128829,66.0,0.0,33879.28358,4.321008255928173,204.4833028185852
CSE-CIC-IDS2018,Fwd Byts/b Avg,0.0,0.0,0.0,0.0,0.0,0.0,0.0
CSE-CIC-IDS2018,Fwd Pkts/b Avg,0.0,0.0,0.0,0.0,0.0,0.0,0.0
CSE-CIC-IDS2018,Fwd Blk Rate Avg,0.0,0.0,0.0,0.0,0.0,0.0,0.0
CSE-CIC-IDS2018,Bwd Byts/b Avg,0.0,0.0,0.0,0.0,0.0,0.0,0.0
CSE-CIC-IDS2018,Bwd Pkts/b Avg,0.0,0.0,0.0,0.0,0.0,0.0,0.0
CSE-CIC-IDS2018,Bwd Blk Rate Avg,0.0,0.0,0.0,0.0,0.0,0.0,0.0
CSE-CIC-IDS2018,Subflow Fwd Pkts,23.533190931551967,1521.1368121348744,2.0,1.0,309629.0,88.55638184543793,8271.324391653157
CSE-CIC-IDS2018,Subflow Fwd Byts,973.0372564605199,62169.05858702681,43.0,0.0,144391846.0,836.6851897608382,1808723.2077531759
CSE-CIC-IDS2018,Subflow Bwd Pkts,6.312705835288154,164.02563869552773,1.0,0.0,123118.0,170.80392532436008,61867.825980176975
CSE-CIC-IDS2018,Subflow Bwd Byts,4730.908947872237,234455.5665107617,101.0,0.0,156360426.0,160.01793040648056,49349.01545067972
CSE-CIC-IDS2018,Init Fwd Win Byts,8787.201893766276,16235.598826065252,980.0,-1.0,65535.0,2.590096239060219,5.90494856207688
CSE-CIC-IDS2018,Init Bwd Win Byts,8689.130913353174,20619.31142541913,-1.0,-1.0,65535.0,2.133339768624843,2.727706552189021
CSE-CIC-IDS2018,Fwd Act Data Pkts,19.89527838544126,1519.9166135256935,0.0,0.0,309628.0,88.75797267710351,8298.152200468472
CSE-CIC-IDS2018,Fwd Seg Size Min,17.992667133741552,7.693845259675826,20.0,0.0,56.0,0.2556201782969186,0.5638957486107139
CSE-CIC-IDS2018,Active Mean,172877.58323445034,2505926.719059823,0.0,0.0,114000000.0,24.86206895801746,708.7679602667266
CSE-CIC-IDS2018,Active Std,86440.96906878224,1514575.348444906,0.0,0.0,75232413.85230836,25.900481854914123,710.7618842126682
CSE-CIC-IDS2018,Active Max,262392.03534171224,3319230.084439154,0.0,0.0,114000000.0,20.26638730153815,435.41126655284114
CSE-CIC-IDS2018,Active Min,115465.65896787785,2114144.8921646317,0.0,0.0,114000000.0,34.33654337751475,1279.301350533052
CSE-CIC-IDS2018,Idle Mean,5016958.068713881,263317790.18114346,0.0,0.0,395571421052.631,1261.8698064565367,1633614.2173762352
CSE-CIC-IDS2018,Idle Std,286649.13679674844,169188705.6211339,0.0,0.0,262247866338.599,1307.944920590143,1766415.1324410767
CSE-CIC-IDS2018,Idle Max,5428144.25033144,625370409.8109206,0.0,0.0,979781000000.0,1331.6165051420553,1838646.3717494097
CSE-CIC-IDS2018,Idle Min,4685630.661750614,63652024.768572554,0.0,0.0,239934000000.0,3339.0960620218248,12465451.501382899
Lycos-Unicas-IDS2018,dst_port,1048.7526352562816,3578.863524292995,80.0,0.0,65535.0,10.947074398342147,147.73433106674395
Lycos-Unicas-IDS2018,ip_prot,9.170069638546261,4.998550399672884,6.0,1.0,17.0,0.9219625468316518,-1.130922648619006
Lycos-Unicas-IDS2018,flow_duration,9798519.277154168,28956142.01698837,77925.0,0.0,119999999.0,3.145924727868059,8.370478672009828
Lycos-Unicas-IDS2018,down_up_ratio,0.9649331786624146,0.42712435041890306,1.0,0.0,24.25,4.867193855975095,155.5613547268957
Lycos-Unicas-IDS2018,pkt_len_max,1961.5993216260174,9387.167843821257,488.0,0.0,65496.0,6.600423171039838,41.703477134174555
Lycos-Unicas-IDS2018,pkt_len_min,13.712862460949562,40.11948673057367,0.0,0.0,1472.0,20.163772245579544,652.6097068919098
Lycos-Unicas-IDS2018,pkt_len_mean,204.63670591792135,700.8672050123241,110.0,0.0,32748.0,12.822618231978181,242.05426986728702
Lycos-Unicas-IDS2018,pkt_len_var,5090403.981250632,39852710.78695623,33982.238095,0.0,2144863008.0,10.838040037493007,149.60148076493408
Lycos-Unicas-IDS2018,pkt_len_std,505.2015969312001,2198.9032904778737,184.342719,0.0,46312.665741,7.4320329622444214,58.89342827895094
Lycos-Unicas-IDS2018,bytes_per_s,142278.30878530059,1836415.3667291426,7948.3002715,0.0,1564285714.285714,142.6576127750712,67251.09616628921
Lycos-Unicas-IDS2018,pkt_per_s,24879.876164208028,180850.22740882714,68.031839,0.0,5000000.0,9.121898853178001,92.71839333201136
Lycos-Unicas-IDS2018,fwd_pkt_per_s,12632.938658486622,95649.64233205715,30.603189,0.0,3000000.0,11.55746107153397,195.96951503367922
Lycos-Unicas-IDS2018,bwd_pkt_per_s,12246.937505712562,93086.51123057534,30.394444,0.0,5000000.0,11.454040303350087,199.8403030923239
Lycos-Unicas-IDS2018,fwd_pkt_cnt,26.608430789609844,1624.1737126574167,3.0,0.0,309629.0,81.41641767831557,6893.922096372382
Lycos-Unicas-IDS2018,fwd_pkt_len_tot,5144.184270952844,155034.8395327435,276.0,0.0,68255601.0,239.38041937619982,87163.21416022327
Lycos-Unicas-IDS2018,fwd_pkt_len_max,940.8801475509792,6706.9823619362405,161.0,0.0,65496.0,9.507939066024813,88.5287856581519
Lycos-Unicas-IDS2018,fwd_pkt_len_min,13.016816703902078,45.959118829640936,0.0,0.0,65496.0,435.7415957915998,602401.7752064038
Lycos-Unicas-IDS2018,fwd_pkt_len_mean,185.07859078296968,1456.0819982202274,53.666667,0.0,65496.0,17.70788754160057,397.30853521288753
Lycos-Unicas-IDS2018,fwd_pkt_len_std,330.6086805671696,2381.786084702406,73.568117,0.0,46312.665741,10.715470144989991,119.81142593372641
Lycos-Unicas-IDS2018,fwd_pkt_hdr_len_tot,296.7338210018239,13070.841682773003,72.0,0.0,2477032.0,80.68605363712747,6832.0724598116
Lycos-Unicas-IDS2018,fwd_pkt_hdr_len_min,18.766424556147758,8.569797921435073,20.0,0.0,52.0,0.3094134328749962,-0.3868171377079488
Lycos-Unicas-IDS2018,fwd_non_empty_pkt_cnt,23.3936414801025,1623.0930714697763,1.0,0.0,309629.0,81.57625233828651,6912.839685395034
Lycos-Unicas-IDS2018,bwd_pkt_cnt,7.742611129955239,173.56198266590533,4.0,0.0,122014.0,169.71972508372764,63858.621980071766
Lycos-Unicas-IDS2018,bwd_pkt_len_tot,6121.4975190026225,247550.19798212874,494.0,0.0,155635302.0,153.52284645815203,48564.04113151692
Lycos-Unicas-IDS2018,bwd_pkt_len_max,1268.0297922734403,6680.030818002698,488.0,0.0,65496.0,9.453145919712355,87.91880190591654
Lycos-Unicas-IDS2018,bwd_pkt_len_min,0.7532921713313917,12.409857369856905,0.0,0.0,922.0,17.871603866072675,346.0044390215782
Lycos-Unicas-IDS2018,bwd_pkt_len_mean,250.67932938670793,806.9199170912499,154.181818,0.0,65496.0,9.502265780157458,107.10382876312754
Lycos-Unicas-IDS2018,bwd_pkt_len_std,471.8725825935483,2295.975108406074,210.601859,0.0,46312.665741,9.43873358107611,88.37397812160263
Lycos-Unicas-IDS2018,bwd_pkt_hdr_len_tot,169.6909346891756,3468.2927341367977,92.0,0.0,2440292.0,170.013260892318,64065.73777570231
Lycos-Unicas-IDS2018,bwd_pkt_hdr_len_min,17.333972865040696,9.164356444282511,20.0,0.0,40.0,-0.032230792407052726,-0.7542572264847229
Lycos-Unicas-IDS2018,bwd_non_empty_pkt_cnt,5.4621751615701335,173.2937041689126,1.0,0.0,121883.0,170.16390578422482,64028.99919362817
Lycos-Unicas-IDS2018,iat_max,3606430.3442394086,12078973.470135443,46950.0,0.0,119999952.0,4.3458130586532,18.961154063203143
Lycos-Unicas-IDS2018,iat_min,31451.765509666453,1178209.1987486284,9.0,0.0,119999952.0,73.71018693419997,6154.809544962592
Lycos-Unicas-IDS2018,iat_mean,512602.93533544417,2149868.39107053,15405.0,0.0,119999952.0,17.744563376887484,629.3278828821922
Lycos-Unicas-IDS2018,iat_std,1107095.4371515648,3841120.340201469,18798.028059,0.0,84845974.605598,6.2237911019756105,58.73835879889285
Lycos-Unicas-IDS2018,fwd_iat_tot,9492600.388656331,28824305.50075394,37844.0,0.0,119999998.0,3.1846284695056,8.59450614290003
Lycos-Unicas-IDS2018,fwd_iat_max,3418744.581823174,11910348.766590372,30982.0,0.0,119999952.0,4.413336174356941,19.384757897928257
Lycos-Unicas-IDS2018,fwd_iat_min,124925.93107891834,2580904.5537466044,49.0,0.0,119999952.0,32.626543259956044,1196.7838744338856
Lycos-Unicas-IDS2018,fwd_iat_mean,893060.7011092792,3617171.073385483,20304.1666665,0.0,119999952.0,13.494616798497725,310.86088827398436
Lycos-Unicas-IDS2018,fwd_iat_std,1273755.4701817993,4564432.650174212,7745.647681,0.0,84799007.866085,5.121730124354553,31.18575327339388
Lycos-Unicas-IDS2018,bwd_iat_tot,9128641.09519929,28116664.939573694,37755.0,0.0,119999999.0,3.238138481209932,8.937648450467332
Lycos-Unicas-IDS2018,bwd_iat_max,3239182.0050310167,11508793.019581778,28972.0,0.0,119999879.0,4.551143839972421,20.532328182370183
Lycos-Unicas-IDS2018,bwd_iat_min,458831.0012631409,4961338.397173725,18.0,0.0,119999879.0,13.288629589911137,193.30506925519555
Lycos-Unicas-IDS2018,bwd_iat_mean,1091238.59616855,5427980.789776074,12357.333333,0.0,119999879.0,10.493089727623712,133.71765372529583
Lycos-Unicas-IDS2018,bwd_iat_std,1010361.2265087722,3674625.9985066666,3589.315998,0.0,84837189.510949,5.565353362790505,38.18883699848313
Lycos-Unicas-IDS2018,active_max,126346.64149931182,1244048.0412050784,0.0,0.0,114366734.0,46.82498584436789,3159.856376892437
Lycos-Unicas-IDS2018,active_min,56254.258533322114,959503.1681184381,0.0,0.0,114366734.0,71.73118738263113,6715.571301922119
Lycos-Unicas-IDS2018,active_mean,76043.90447096138,1010089.9994468761,0.0,0.0,114366734.0,63.98428871655622,5565.695297038184
Lycos-Unicas-IDS2018,active_std,33159.39362448479,401899.59637669194,0.0,0.0,77080235.899507,76.49732391080818,9770.146230071894
Lycos-Unicas-IDS2018,idle_max,3082164.151296213,11742093.275681846,0.0,0.0,119999952.0,4.436613542252942,19.406590017113032
Lycos-Unicas-IDS2018,idle_min,2850188.9617432076,11234691.929021502,0.0,0.0,119999952.0,4.68233832211288,21.880134477668264
Lycos-Unicas-IDS2018,idle_mean,2975714.292969327,11416010.574942421,0.0,0.0,119999952.0,4.541761215287435,20.6103922454542
Lycos-Unicas-IDS2018,idle_std,127985.88003771527,1567489.9139027218,0.0,0.0,73097529.786472,17.93419510408285,359.9604629928235
Lycos-Unicas-IDS2018,flag_SYN,1.2926406085981226,1.016194674244811,2.0,0.0,280.0,15.719785124584332,3777.8117633875368
Lycos-Unicas-IDS2018,flag_fin,0.45060106923624604,0.497553779727356,0.0,0.0,1.0,0.1985672302879343,-1.960571341453136
Lycos-Unicas-IDS2018,flag_rst,0.17637511733756142,0.38113901129628835,0.0,0.0,1.0,1.6981989266142434,0.8838797234695774
Lycos-Unicas-IDS2018,flag_ack,12.319680762950517,224.56844943125776,6.0,0.0,134688.0,150.83805407290544,45540.558693180305
Lycos-Unicas-IDS2018,flag_psh,3.96992667151063,13.124199545307189,2.0,0.0,17582.0,706.1847630293338,843115.656931671
Lycos-Unicas-IDS2018,fwd_flag_psh,2.005782006458423,4.313820432222796,1.0,0.0,4907.0,180.84743619882835,138869.45052373785
Lycos-Unicas-IDS2018,bwd_flag_psh,1.964144665052207,11.121095788801563,1.0,0.0,17453.0,1079.7687907633576,1540840.9338603963
Lycos-Unicas-IDS2018,flag_urg,0.0,0.0,0.0,0.0,0.0,0.0,0.0
Lycos-Unicas-IDS2018,fwd_flag_urg,0.0,0.0,0.0,0.0,0.0,0.0,0.0
Lycos-Unicas-IDS2018,bwd_flag_urg,0.0,0.0,0.0,0.0,0.0,0.0,0.0
Lycos-Unicas-IDS2018,flag_cwr,0.31886527968045036,0.50758505145771,0.0,0.0,27.0,1.6985227104381373,6.946106726018217
Lycos-Unicas-IDS2018,flag_ece,0.3985503753195102,0.6607140817340101,0.0,0.0,7.0,1.5400131495595397,1.7711468988678716
Lycos-Unicas-IDS2018,fwd_bulk_bytes_mean,1275.2796944622712,135745.06935210928,0.0,0.0,68252552.0,325.82703523085763,136873.44267041152
Lycos-Unicas-IDS2018,fwd_bulk_pkt_mean,20.469205904553032,1612.5467980332078,0.0,0.0,309629.0,82.07258808898135,7006.554145402274
Lycos-Unicas-IDS2018,fwd_bulk_rate_mean,41266.473253228476,3806222.2455862486,0.0,0.0,3632500000.0,391.34736078790564,239654.09666836227
Lycos-Unicas-IDS2018,bwd_bulk_bytes_mean,1450.7558527021868,120743.80454417369,0.0,0.0,56069142.0,249.32719768080477,66756.63091968754
Lycos-Unicas-IDS2018,bwd_bulk_pkt_mean,1.0760753561436383,83.88214008463609,0.0,0.0,38414.0,249.62398387115476,66673.85022222201
Lycos-Unicas-IDS2018,bwd_bulk_rate_mean,14513404.855783427,162284351.06643647,0.0,0.0,5840000000.0,12.423362795227552,162.07569492376916
Lycos-Unicas-IDS2018,fwd_subflow_bytes_mean,1740.6999240966795,118415.15411023844,161.0,0.0,68255601.0,352.8720045178764,170541.47480797066
Lycos-Unicas-IDS2018,fwd_subflow_pkt_mean,24.014577646423987,1612.5914100774996,3.0,0.0,309629.0,82.05946481917496,7005.057722786402
Lycos-Unicas-IDS2018,bwd_subflow_bytes_mean,2151.587677740047,72487.86597386304,326.0,0.0,50530761.0,217.98855880472283,63483.90113266126
Lycos-Unicas-IDS2018,bwd_subflow_pkt_mean,3.7571408017846117,50.7454190628688,2.142857,0.0,34773.0,219.39142094483546,64650.006376507095
Lycos-Unicas-IDS2018,fwd_tcp_init_win_bytes,13683.70475846357,18655.598832832507,8192.0,-1.0,65535.0,1.8366706990512092,2.4712371224786134
Lycos-Unicas-IDS2018,bwd_tcp_init_win_bytes,20944.354929433855,22265.72984570724,17922.0,-1.0,65535.0,0.8125892844709771,-0.49469948788615437
